,video_name,tag
0,D:\Dataset\Exercises dataset\train/Arm Raise/000000.mp4,Arm Raise
1,D:\Dataset\Exercises dataset\train/Arm Raise/000001.mp4,Arm Raise
2,D:\Dataset\Exercises dataset\train/Arm Raise/000002.mp4,Arm Raise
3,D:\Dataset\Exercises dataset\train/Arm Raise/000003.mp4,Arm Raise
4,D:\Dataset\Exercises dataset\train/Arm Raise/000004.mp4,Arm Raise
5,D:\Dataset\Exercises dataset\train/Arm Raise/000005.mp4,Arm Raise
6,D:\Dataset\Exercises dataset\train/Arm Raise/000006.mp4,Arm Raise
7,D:\Dataset\Exercises dataset\train/Arm Raise/000007.mp4,Arm Raise
8,D:\Dataset\Exercises dataset\train/Arm Raise/000008.mp4,Arm Raise
9,D:\Dataset\Exercises dataset\train/Arm Raise/000009.mp4,Arm Raise
10,D:\Dataset\Exercises dataset\train/Arm Raise/000010.mp4,Arm Raise
11,D:\Dataset\Exercises dataset\train/Arm Raise/000011.mp4,Arm Raise
12,D:\Dataset\Exercises dataset\train/Arm Raise/000012.mp4,Arm Raise
13,D:\Dataset\Exercises dataset\train/Arm Raise/000013.mp4,Arm Raise
14,D:\Dataset\Exercises dataset\train/Arm Raise/000014.mp4,Arm Raise
15,D:\Dataset\Exercises dataset\train/Arm Raise/000015.mp4,Arm Raise
16,D:\Dataset\Exercises dataset\train/Arm Raise/000016.mp4,Arm Raise
17,D:\Dataset\Exercises dataset\train/Arm Raise/000017.mp4,Arm Raise
18,D:\Dataset\Exercises dataset\train/Arm Raise/000018.mp4,Arm Raise
19,D:\Dataset\Exercises dataset\train/Arm Raise/000019.mp4,Arm Raise
20,D:\Dataset\Exercises dataset\train/Arm Raise/000020.mp4,Arm Raise
21,D:\Dataset\Exercises dataset\train/Arm Raise/000021.mp4,Arm Raise
22,D:\Dataset\Exercises dataset\train/Arm Raise/000022.mp4,Arm Raise
23,D:\Dataset\Exercises dataset\train/Arm Raise/000023.mp4,Arm Raise
24,D:\Dataset\Exercises dataset\train/Arm Raise/000024.mp4,Arm Raise
25,D:\Dataset\Exercises dataset\train/Arm Raise/000025.mp4,Arm Raise
26,D:\Dataset\Exercises dataset\train/Arm Raise/000026.mp4,Arm Raise
27,D:\Dataset\Exercises dataset\train/Arm Raise/000027.mp4,Arm Raise
28,D:\Dataset\Exercises dataset\train/Arm Raise/000028.mp4,Arm Raise
29,D:\Dataset\Exercises dataset\train/Arm Raise/000029.mp4,Arm Raise
30,D:\Dataset\Exercises dataset\train/Arm Raise/000030.mp4,Arm Raise
31,D:\Dataset\Exercises dataset\train/Arm Raise/000031.mp4,Arm Raise
32,D:\Dataset\Exercises dataset\train/Arm Raise/000032.mp4,Arm Raise
33,D:\Dataset\Exercises dataset\train/Arm Raise/000033.mp4,Arm Raise
34,D:\Dataset\Exercises dataset\train/Arm Raise/000034.mp4,Arm Raise
35,D:\Dataset\Exercises dataset\train/Arm Raise/000035.mp4,Arm Raise
36,D:\Dataset\Exercises dataset\train/Arm Raise/000036.mp4,Arm Raise
37,D:\Dataset\Exercises dataset\train/Arm Raise/000037.mp4,Arm Raise
38,D:\Dataset\Exercises dataset\train/Arm Raise/000038.mp4,Arm Raise
39,D:\Dataset\Exercises dataset\train/Arm Raise/000039.mp4,Arm Raise
40,D:\Dataset\Exercises dataset\train/Arm Raise/000040.mp4,Arm Raise
41,D:\Dataset\Exercises dataset\train/Arm Raise/000041.mp4,Arm Raise
42,D:\Dataset\Exercises dataset\train/Arm Raise/000042.mp4,Arm Raise
43,D:\Dataset\Exercises dataset\train/Arm Raise/000043.mp4,Arm Raise
44,D:\Dataset\Exercises dataset\train/Arm Raise/000044.mp4,Arm Raise
45,D:\Dataset\Exercises dataset\train/Arm Raise/000045.mp4,Arm Raise
46,D:\Dataset\Exercises dataset\train/Arm Raise/000046.mp4,Arm Raise
47,D:\Dataset\Exercises dataset\train/Arm Raise/000047.mp4,Arm Raise
48,D:\Dataset\Exercises dataset\train/Arm Raise/000048.mp4,Arm Raise
49,D:\Dataset\Exercises dataset\train/Arm Raise/000049.mp4,Arm Raise
50,D:\Dataset\Exercises dataset\train/Arm Raise/000050.mp4,Arm Raise
51,D:\Dataset\Exercises dataset\train/Arm Raise/000051.mp4,Arm Raise
52,D:\Dataset\Exercises dataset\train/Arm Raise/000052.mp4,Arm Raise
53,D:\Dataset\Exercises dataset\train/Arm Raise/000053.mp4,Arm Raise
54,D:\Dataset\Exercises dataset\train/Arm Raise/000054.mp4,Arm Raise
55,D:\Dataset\Exercises dataset\train/Arm Raise/000055.mp4,Arm Raise
56,D:\Dataset\Exercises dataset\train/Arm Raise/000056.mp4,Arm Raise
57,D:\Dataset\Exercises dataset\train/Arm Raise/000057.mp4,Arm Raise
58,D:\Dataset\Exercises dataset\train/Arm Raise/000058.mp4,Arm Raise
59,D:\Dataset\Exercises dataset\train/Arm Raise/000059.mp4,Arm Raise
60,D:\Dataset\Exercises dataset\train/Arm Raise/000060.mp4,Arm Raise
61,D:\Dataset\Exercises dataset\train/Arm Raise/000061.mp4,Arm Raise
62,D:\Dataset\Exercises dataset\train/Arm Raise/000062.mp4,Arm Raise
63,D:\Dataset\Exercises dataset\train/Arm Raise/000063.mp4,Arm Raise
64,D:\Dataset\Exercises dataset\train/Arm Raise/000064.mp4,Arm Raise
65,D:\Dataset\Exercises dataset\train/Arm Raise/000065.mp4,Arm Raise
66,D:\Dataset\Exercises dataset\train/Arm Raise/000066.mp4,Arm Raise
67,D:\Dataset\Exercises dataset\train/Arm Raise/000067.mp4,Arm Raise
68,D:\Dataset\Exercises dataset\train/Arm Raise/000068.mp4,Arm Raise
69,D:\Dataset\Exercises dataset\train/Arm Raise/000069.mp4,Arm Raise
70,D:\Dataset\Exercises dataset\train/Arm Raise/000070.mp4,Arm Raise
71,D:\Dataset\Exercises dataset\train/Arm Raise/000071.mp4,Arm Raise
72,D:\Dataset\Exercises dataset\train/Arm Raise/000072.mp4,Arm Raise
73,D:\Dataset\Exercises dataset\train/Arm Raise/000073.mp4,Arm Raise
74,D:\Dataset\Exercises dataset\train/Arm Raise/000074.mp4,Arm Raise
75,D:\Dataset\Exercises dataset\train/Arm Raise/000075.mp4,Arm Raise
76,D:\Dataset\Exercises dataset\train/Arm Raise/000076.mp4,Arm Raise
77,D:\Dataset\Exercises dataset\train/Arm Raise/000077.mp4,Arm Raise
78,D:\Dataset\Exercises dataset\train/Arm Raise/000078.mp4,Arm Raise
79,D:\Dataset\Exercises dataset\train/Arm Raise/000079.mp4,Arm Raise
80,D:\Dataset\Exercises dataset\train/Bicycle Crunch/000000.mp4,Bicycle Crunch
81,D:\Dataset\Exercises dataset\train/Bicycle Crunch/000001.mp4,Bicycle Crunch
82,D:\Dataset\Exercises dataset\train/Bicycle Crunch/000002.mp4,Bicycle Crunch
83,D:\Dataset\Exercises dataset\train/Bicycle Crunch/000003.mp4,Bicycle Crunch
84,D:\Dataset\Exercises dataset\train/Bicycle Crunch/000004.mp4,Bicycle Crunch
85,D:\Dataset\Exercises dataset\train/Bicycle Crunch/000005.mp4,Bicycle Crunch
86,D:\Dataset\Exercises dataset\train/Bicycle Crunch/000006.mp4,Bicycle Crunch
87,D:\Dataset\Exercises dataset\train/Bicycle Crunch/000007.mp4,Bicycle Crunch
88,D:\Dataset\Exercises dataset\train/Bicycle Crunch/000008.mp4,Bicycle Crunch
89,D:\Dataset\Exercises dataset\train/Bicycle Crunch/000009.mp4,Bicycle Crunch
90,D:\Dataset\Exercises dataset\train/Bicycle Crunch/000010.mp4,Bicycle Crunch
91,D:\Dataset\Exercises dataset\train/Bicycle Crunch/000011.mp4,Bicycle Crunch
92,D:\Dataset\Exercises dataset\train/Bicycle Crunch/000012.mp4,Bicycle Crunch
93,D:\Dataset\Exercises dataset\train/Bicycle Crunch/000013.mp4,Bicycle Crunch
94,D:\Dataset\Exercises dataset\train/Bicycle Crunch/000014.mp4,Bicycle Crunch
95,D:\Dataset\Exercises dataset\train/Bicycle Crunch/000015.mp4,Bicycle Crunch
96,D:\Dataset\Exercises dataset\train/Bicycle Crunch/000016.mp4,Bicycle Crunch
97,D:\Dataset\Exercises dataset\train/Bicycle Crunch/000017.mp4,Bicycle Crunch
98,D:\Dataset\Exercises dataset\train/Bicycle Crunch/000018.mp4,Bicycle Crunch
99,D:\Dataset\Exercises dataset\train/Bicycle Crunch/000019.mp4,Bicycle Crunch
100,D:\Dataset\Exercises dataset\train/Bicycle Crunch/000020.mp4,Bicycle Crunch
101,D:\Dataset\Exercises dataset\train/Bicycle Crunch/000021.mp4,Bicycle Crunch
102,D:\Dataset\Exercises dataset\train/Bicycle Crunch/000022.mp4,Bicycle Crunch
103,D:\Dataset\Exercises dataset\train/Bicycle Crunch/000023.mp4,Bicycle Crunch
104,D:\Dataset\Exercises dataset\train/Bicycle Crunch/000024.mp4,Bicycle Crunch
105,D:\Dataset\Exercises dataset\train/Bicycle Crunch/000025.mp4,Bicycle Crunch
106,D:\Dataset\Exercises dataset\train/Bicycle Crunch/000026.mp4,Bicycle Crunch
107,D:\Dataset\Exercises dataset\train/Bicycle Crunch/000027.mp4,Bicycle Crunch
108,D:\Dataset\Exercises dataset\train/Bicycle Crunch/000028.mp4,Bicycle Crunch
109,D:\Dataset\Exercises dataset\train/Bicycle Crunch/000029.mp4,Bicycle Crunch
110,D:\Dataset\Exercises dataset\train/Bicycle Crunch/000030.mp4,Bicycle Crunch
111,D:\Dataset\Exercises dataset\train/Bicycle Crunch/000031.mp4,Bicycle Crunch
112,D:\Dataset\Exercises dataset\train/Bicycle Crunch/000032.mp4,Bicycle Crunch
113,D:\Dataset\Exercises dataset\train/Bicycle Crunch/000033.mp4,Bicycle Crunch
114,D:\Dataset\Exercises dataset\train/Bicycle Crunch/000034.mp4,Bicycle Crunch
115,D:\Dataset\Exercises dataset\train/Bicycle Crunch/000035.mp4,Bicycle Crunch
116,D:\Dataset\Exercises dataset\train/Bicycle Crunch/000036.mp4,Bicycle Crunch
117,D:\Dataset\Exercises dataset\train/Bicycle Crunch/000037.mp4,Bicycle Crunch
118,D:\Dataset\Exercises dataset\train/Bicycle Crunch/000038.mp4,Bicycle Crunch
119,D:\Dataset\Exercises dataset\train/Bicycle Crunch/000039.mp4,Bicycle Crunch
120,D:\Dataset\Exercises dataset\train/Bicycle Crunch/000040.mp4,Bicycle Crunch
121,D:\Dataset\Exercises dataset\train/Bicycle Crunch/000041.mp4,Bicycle Crunch
122,D:\Dataset\Exercises dataset\train/Bicycle Crunch/000042.mp4,Bicycle Crunch
123,D:\Dataset\Exercises dataset\train/Bicycle Crunch/000043.mp4,Bicycle Crunch
124,D:\Dataset\Exercises dataset\train/Bicycle Crunch/000044.mp4,Bicycle Crunch
125,D:\Dataset\Exercises dataset\train/Bicycle Crunch/000045.mp4,Bicycle Crunch
126,D:\Dataset\Exercises dataset\train/Bicycle Crunch/000046.mp4,Bicycle Crunch
127,D:\Dataset\Exercises dataset\train/Bicycle Crunch/000047.mp4,Bicycle Crunch
128,D:\Dataset\Exercises dataset\train/Bicycle Crunch/000048.mp4,Bicycle Crunch
129,D:\Dataset\Exercises dataset\train/Bicycle Crunch/000049.mp4,Bicycle Crunch
130,D:\Dataset\Exercises dataset\train/Bicycle Crunch/000050.mp4,Bicycle Crunch
131,D:\Dataset\Exercises dataset\train/Bicycle Crunch/000051.mp4,Bicycle Crunch
132,D:\Dataset\Exercises dataset\train/Bicycle Crunch/000052.mp4,Bicycle Crunch
133,D:\Dataset\Exercises dataset\train/Bicycle Crunch/000053.mp4,Bicycle Crunch
134,D:\Dataset\Exercises dataset\train/Bicycle Crunch/000054.mp4,Bicycle Crunch
135,D:\Dataset\Exercises dataset\train/Bicycle Crunch/000055.mp4,Bicycle Crunch
136,D:\Dataset\Exercises dataset\train/Bicycle Crunch/000056.mp4,Bicycle Crunch
137,D:\Dataset\Exercises dataset\train/Bicycle Crunch/000057.mp4,Bicycle Crunch
138,D:\Dataset\Exercises dataset\train/Bicycle Crunch/000058.mp4,Bicycle Crunch
139,D:\Dataset\Exercises dataset\train/Bicycle Crunch/000059.mp4,Bicycle Crunch
140,D:\Dataset\Exercises dataset\train/Bicycle Crunch/000060.mp4,Bicycle Crunch
141,D:\Dataset\Exercises dataset\train/Bicycle Crunch/000061.mp4,Bicycle Crunch
142,D:\Dataset\Exercises dataset\train/Bicycle Crunch/000062.mp4,Bicycle Crunch
143,D:\Dataset\Exercises dataset\train/Bicycle Crunch/000063.mp4,Bicycle Crunch
144,D:\Dataset\Exercises dataset\train/Bicycle Crunch/000064.mp4,Bicycle Crunch
145,D:\Dataset\Exercises dataset\train/Bicycle Crunch/000065.mp4,Bicycle Crunch
146,D:\Dataset\Exercises dataset\train/Bicycle Crunch/000066.mp4,Bicycle Crunch
147,D:\Dataset\Exercises dataset\train/Bicycle Crunch/000067.mp4,Bicycle Crunch
148,D:\Dataset\Exercises dataset\train/Bicycle Crunch/000068.mp4,Bicycle Crunch
149,D:\Dataset\Exercises dataset\train/Bicycle Crunch/000069.mp4,Bicycle Crunch
150,D:\Dataset\Exercises dataset\train/Bicycle Crunch/000070.mp4,Bicycle Crunch
151,D:\Dataset\Exercises dataset\train/Bicycle Crunch/000071.mp4,Bicycle Crunch
152,D:\Dataset\Exercises dataset\train/Bicycle Crunch/000072.mp4,Bicycle Crunch
153,D:\Dataset\Exercises dataset\train/Bicycle Crunch/000073.mp4,Bicycle Crunch
154,D:\Dataset\Exercises dataset\train/Bicycle Crunch/000074.mp4,Bicycle Crunch
155,D:\Dataset\Exercises dataset\train/Bicycle Crunch/000075.mp4,Bicycle Crunch
156,D:\Dataset\Exercises dataset\train/Bicycle Crunch/000076.mp4,Bicycle Crunch
157,D:\Dataset\Exercises dataset\train/Bicycle Crunch/000077.mp4,Bicycle Crunch
158,D:\Dataset\Exercises dataset\train/Bicycle Crunch/000078.mp4,Bicycle Crunch
159,D:\Dataset\Exercises dataset\train/Bicycle Crunch/000079.mp4,Bicycle Crunch
160,D:\Dataset\Exercises dataset\train/Bird Dog/000000.mp4,Bird Dog
161,D:\Dataset\Exercises dataset\train/Bird Dog/000001.mp4,Bird Dog
162,D:\Dataset\Exercises dataset\train/Bird Dog/000002.mp4,Bird Dog
163,D:\Dataset\Exercises dataset\train/Bird Dog/000003.mp4,Bird Dog
164,D:\Dataset\Exercises dataset\train/Bird Dog/000004.mp4,Bird Dog
165,D:\Dataset\Exercises dataset\train/Bird Dog/000005.mp4,Bird Dog
166,D:\Dataset\Exercises dataset\train/Bird Dog/000006.mp4,Bird Dog
167,D:\Dataset\Exercises dataset\train/Bird Dog/000007.mp4,Bird Dog
168,D:\Dataset\Exercises dataset\train/Bird Dog/000008.mp4,Bird Dog
169,D:\Dataset\Exercises dataset\train/Bird Dog/000009.mp4,Bird Dog
170,D:\Dataset\Exercises dataset\train/Bird Dog/000010.mp4,Bird Dog
171,D:\Dataset\Exercises dataset\train/Bird Dog/000011.mp4,Bird Dog
172,D:\Dataset\Exercises dataset\train/Bird Dog/000012.mp4,Bird Dog
173,D:\Dataset\Exercises dataset\train/Bird Dog/000013.mp4,Bird Dog
174,D:\Dataset\Exercises dataset\train/Bird Dog/000014.mp4,Bird Dog
175,D:\Dataset\Exercises dataset\train/Bird Dog/000015.mp4,Bird Dog
176,D:\Dataset\Exercises dataset\train/Bird Dog/000016.mp4,Bird Dog
177,D:\Dataset\Exercises dataset\train/Bird Dog/000017.mp4,Bird Dog
178,D:\Dataset\Exercises dataset\train/Bird Dog/000018.mp4,Bird Dog
179,D:\Dataset\Exercises dataset\train/Bird Dog/000019.mp4,Bird Dog
180,D:\Dataset\Exercises dataset\train/Bird Dog/000020.mp4,Bird Dog
181,D:\Dataset\Exercises dataset\train/Bird Dog/000021.mp4,Bird Dog
182,D:\Dataset\Exercises dataset\train/Bird Dog/000022.mp4,Bird Dog
183,D:\Dataset\Exercises dataset\train/Bird Dog/000023.mp4,Bird Dog
184,D:\Dataset\Exercises dataset\train/Bird Dog/000024.mp4,Bird Dog
185,D:\Dataset\Exercises dataset\train/Bird Dog/000025.mp4,Bird Dog
186,D:\Dataset\Exercises dataset\train/Bird Dog/000026.mp4,Bird Dog
187,D:\Dataset\Exercises dataset\train/Bird Dog/000027.mp4,Bird Dog
188,D:\Dataset\Exercises dataset\train/Bird Dog/000028.mp4,Bird Dog
189,D:\Dataset\Exercises dataset\train/Bird Dog/000029.mp4,Bird Dog
190,D:\Dataset\Exercises dataset\train/Bird Dog/000030.mp4,Bird Dog
191,D:\Dataset\Exercises dataset\train/Bird Dog/000031.mp4,Bird Dog
192,D:\Dataset\Exercises dataset\train/Bird Dog/000032.mp4,Bird Dog
193,D:\Dataset\Exercises dataset\train/Bird Dog/000033.mp4,Bird Dog
194,D:\Dataset\Exercises dataset\train/Bird Dog/000034.mp4,Bird Dog
195,D:\Dataset\Exercises dataset\train/Bird Dog/000035.mp4,Bird Dog
196,D:\Dataset\Exercises dataset\train/Bird Dog/000036.mp4,Bird Dog
197,D:\Dataset\Exercises dataset\train/Bird Dog/000037.mp4,Bird Dog
198,D:\Dataset\Exercises dataset\train/Bird Dog/000038.mp4,Bird Dog
199,D:\Dataset\Exercises dataset\train/Bird Dog/000039.mp4,Bird Dog
200,D:\Dataset\Exercises dataset\train/Bird Dog/000040.mp4,Bird Dog
201,D:\Dataset\Exercises dataset\train/Bird Dog/000041.mp4,Bird Dog
202,D:\Dataset\Exercises dataset\train/Bird Dog/000042.mp4,Bird Dog
203,D:\Dataset\Exercises dataset\train/Bird Dog/000043.mp4,Bird Dog
204,D:\Dataset\Exercises dataset\train/Bird Dog/000044.mp4,Bird Dog
205,D:\Dataset\Exercises dataset\train/Bird Dog/000045.mp4,Bird Dog
206,D:\Dataset\Exercises dataset\train/Bird Dog/000046.mp4,Bird Dog
207,D:\Dataset\Exercises dataset\train/Bird Dog/000047.mp4,Bird Dog
208,D:\Dataset\Exercises dataset\train/Bird Dog/000048.mp4,Bird Dog
209,D:\Dataset\Exercises dataset\train/Bird Dog/000049.mp4,Bird Dog
210,D:\Dataset\Exercises dataset\train/Bird Dog/000050.mp4,Bird Dog
211,D:\Dataset\Exercises dataset\train/Bird Dog/000051.mp4,Bird Dog
212,D:\Dataset\Exercises dataset\train/Bird Dog/000052.mp4,Bird Dog
213,D:\Dataset\Exercises dataset\train/Bird Dog/000053.mp4,Bird Dog
214,D:\Dataset\Exercises dataset\train/Bird Dog/000054.mp4,Bird Dog
215,D:\Dataset\Exercises dataset\train/Bird Dog/000055.mp4,Bird Dog
216,D:\Dataset\Exercises dataset\train/Bird Dog/000056.mp4,Bird Dog
217,D:\Dataset\Exercises dataset\train/Bird Dog/000057.mp4,Bird Dog
218,D:\Dataset\Exercises dataset\train/Bird Dog/000058.mp4,Bird Dog
219,D:\Dataset\Exercises dataset\train/Bird Dog/000059.mp4,Bird Dog
220,D:\Dataset\Exercises dataset\train/Bird Dog/000060.mp4,Bird Dog
221,D:\Dataset\Exercises dataset\train/Bird Dog/000061.mp4,Bird Dog
222,D:\Dataset\Exercises dataset\train/Bird Dog/000062.mp4,Bird Dog
223,D:\Dataset\Exercises dataset\train/Bird Dog/000063.mp4,Bird Dog
224,D:\Dataset\Exercises dataset\train/Bird Dog/000064.mp4,Bird Dog
225,D:\Dataset\Exercises dataset\train/Bird Dog/000065.mp4,Bird Dog
226,D:\Dataset\Exercises dataset\train/Bird Dog/000066.mp4,Bird Dog
227,D:\Dataset\Exercises dataset\train/Bird Dog/000067.mp4,Bird Dog
228,D:\Dataset\Exercises dataset\train/Bird Dog/000068.mp4,Bird Dog
229,D:\Dataset\Exercises dataset\train/Bird Dog/000069.mp4,Bird Dog
230,D:\Dataset\Exercises dataset\train/Bird Dog/000070.mp4,Bird Dog
231,D:\Dataset\Exercises dataset\train/Bird Dog/000071.mp4,Bird Dog
232,D:\Dataset\Exercises dataset\train/Bird Dog/000072.mp4,Bird Dog
233,D:\Dataset\Exercises dataset\train/Bird Dog/000073.mp4,Bird Dog
234,D:\Dataset\Exercises dataset\train/Bird Dog/000074.mp4,Bird Dog
235,D:\Dataset\Exercises dataset\train/Bird Dog/000075.mp4,Bird Dog
236,D:\Dataset\Exercises dataset\train/Bird Dog/000076.mp4,Bird Dog
237,D:\Dataset\Exercises dataset\train/Bird Dog/000077.mp4,Bird Dog
238,D:\Dataset\Exercises dataset\train/Bird Dog/000078.mp4,Bird Dog
239,D:\Dataset\Exercises dataset\train/Bird Dog/000079.mp4,Bird Dog
240,D:\Dataset\Exercises dataset\train/Curl/000000.mp4,Curl
241,D:\Dataset\Exercises dataset\train/Curl/000001.mp4,Curl
242,D:\Dataset\Exercises dataset\train/Curl/000002.mp4,Curl
243,D:\Dataset\Exercises dataset\train/Curl/000003.mp4,Curl
244,D:\Dataset\Exercises dataset\train/Curl/000004.mp4,Curl
245,D:\Dataset\Exercises dataset\train/Curl/000005.mp4,Curl
246,D:\Dataset\Exercises dataset\train/Curl/000006.mp4,Curl
247,D:\Dataset\Exercises dataset\train/Curl/000007.mp4,Curl
248,D:\Dataset\Exercises dataset\train/Curl/000008.mp4,Curl
249,D:\Dataset\Exercises dataset\train/Curl/000009.mp4,Curl
250,D:\Dataset\Exercises dataset\train/Curl/000010.mp4,Curl
251,D:\Dataset\Exercises dataset\train/Curl/000011.mp4,Curl
252,D:\Dataset\Exercises dataset\train/Curl/000012.mp4,Curl
253,D:\Dataset\Exercises dataset\train/Curl/000013.mp4,Curl
254,D:\Dataset\Exercises dataset\train/Curl/000014.mp4,Curl
255,D:\Dataset\Exercises dataset\train/Curl/000015.mp4,Curl
256,D:\Dataset\Exercises dataset\train/Curl/000016.mp4,Curl
257,D:\Dataset\Exercises dataset\train/Curl/000017.mp4,Curl
258,D:\Dataset\Exercises dataset\train/Curl/000018.mp4,Curl
259,D:\Dataset\Exercises dataset\train/Curl/000019.mp4,Curl
260,D:\Dataset\Exercises dataset\train/Curl/000020.mp4,Curl
261,D:\Dataset\Exercises dataset\train/Curl/000021.mp4,Curl
262,D:\Dataset\Exercises dataset\train/Curl/000022.mp4,Curl
263,D:\Dataset\Exercises dataset\train/Curl/000023.mp4,Curl
264,D:\Dataset\Exercises dataset\train/Curl/000024.mp4,Curl
265,D:\Dataset\Exercises dataset\train/Curl/000025.mp4,Curl
266,D:\Dataset\Exercises dataset\train/Curl/000026.mp4,Curl
267,D:\Dataset\Exercises dataset\train/Curl/000027.mp4,Curl
268,D:\Dataset\Exercises dataset\train/Curl/000028.mp4,Curl
269,D:\Dataset\Exercises dataset\train/Curl/000029.mp4,Curl
270,D:\Dataset\Exercises dataset\train/Curl/000030.mp4,Curl
271,D:\Dataset\Exercises dataset\train/Curl/000031.mp4,Curl
272,D:\Dataset\Exercises dataset\train/Curl/000032.mp4,Curl
273,D:\Dataset\Exercises dataset\train/Curl/000033.mp4,Curl
274,D:\Dataset\Exercises dataset\train/Curl/000034.mp4,Curl
275,D:\Dataset\Exercises dataset\train/Curl/000035.mp4,Curl
276,D:\Dataset\Exercises dataset\train/Curl/000036.mp4,Curl
277,D:\Dataset\Exercises dataset\train/Curl/000037.mp4,Curl
278,D:\Dataset\Exercises dataset\train/Curl/000038.mp4,Curl
279,D:\Dataset\Exercises dataset\train/Curl/000039.mp4,Curl
280,D:\Dataset\Exercises dataset\train/Curl/000040.mp4,Curl
281,D:\Dataset\Exercises dataset\train/Curl/000041.mp4,Curl
282,D:\Dataset\Exercises dataset\train/Curl/000042.mp4,Curl
283,D:\Dataset\Exercises dataset\train/Curl/000043.mp4,Curl
284,D:\Dataset\Exercises dataset\train/Curl/000044.mp4,Curl
285,D:\Dataset\Exercises dataset\train/Curl/000045.mp4,Curl
286,D:\Dataset\Exercises dataset\train/Curl/000046.mp4,Curl
287,D:\Dataset\Exercises dataset\train/Curl/000047.mp4,Curl
288,D:\Dataset\Exercises dataset\train/Curl/000048.mp4,Curl
289,D:\Dataset\Exercises dataset\train/Curl/000049.mp4,Curl
290,D:\Dataset\Exercises dataset\train/Curl/000050.mp4,Curl
291,D:\Dataset\Exercises dataset\train/Curl/000051.mp4,Curl
292,D:\Dataset\Exercises dataset\train/Curl/000052.mp4,Curl
293,D:\Dataset\Exercises dataset\train/Curl/000053.mp4,Curl
294,D:\Dataset\Exercises dataset\train/Curl/000054.mp4,Curl
295,D:\Dataset\Exercises dataset\train/Curl/000055.mp4,Curl
296,D:\Dataset\Exercises dataset\train/Curl/000056.mp4,Curl
297,D:\Dataset\Exercises dataset\train/Curl/000057.mp4,Curl
298,D:\Dataset\Exercises dataset\train/Curl/000058.mp4,Curl
299,D:\Dataset\Exercises dataset\train/Curl/000059.mp4,Curl
300,D:\Dataset\Exercises dataset\train/Curl/000060.mp4,Curl
301,D:\Dataset\Exercises dataset\train/Curl/000061.mp4,Curl
302,D:\Dataset\Exercises dataset\train/Curl/000062.mp4,Curl
303,D:\Dataset\Exercises dataset\train/Curl/000063.mp4,Curl
304,D:\Dataset\Exercises dataset\train/Curl/000064.mp4,Curl
305,D:\Dataset\Exercises dataset\train/Curl/000065.mp4,Curl
306,D:\Dataset\Exercises dataset\train/Curl/000066.mp4,Curl
307,D:\Dataset\Exercises dataset\train/Curl/000067.mp4,Curl
308,D:\Dataset\Exercises dataset\train/Curl/000068.mp4,Curl
309,D:\Dataset\Exercises dataset\train/Curl/000069.mp4,Curl
310,D:\Dataset\Exercises dataset\train/Curl/000070.mp4,Curl
311,D:\Dataset\Exercises dataset\train/Curl/000071.mp4,Curl
312,D:\Dataset\Exercises dataset\train/Curl/000072.mp4,Curl
313,D:\Dataset\Exercises dataset\train/Curl/000073.mp4,Curl
314,D:\Dataset\Exercises dataset\train/Curl/000074.mp4,Curl
315,D:\Dataset\Exercises dataset\train/Curl/000075.mp4,Curl
316,D:\Dataset\Exercises dataset\train/Curl/000076.mp4,Curl
317,D:\Dataset\Exercises dataset\train/Curl/000077.mp4,Curl
318,D:\Dataset\Exercises dataset\train/Curl/000078.mp4,Curl
319,D:\Dataset\Exercises dataset\train/Curl/000079.mp4,Curl
320,D:\Dataset\Exercises dataset\train/Fly/000000.mp4,Fly
321,D:\Dataset\Exercises dataset\train/Fly/000001.mp4,Fly
322,D:\Dataset\Exercises dataset\train/Fly/000002.mp4,Fly
323,D:\Dataset\Exercises dataset\train/Fly/000003.mp4,Fly
324,D:\Dataset\Exercises dataset\train/Fly/000004.mp4,Fly
325,D:\Dataset\Exercises dataset\train/Fly/000005.mp4,Fly
326,D:\Dataset\Exercises dataset\train/Fly/000006.mp4,Fly
327,D:\Dataset\Exercises dataset\train/Fly/000007.mp4,Fly
328,D:\Dataset\Exercises dataset\train/Fly/000008.mp4,Fly
329,D:\Dataset\Exercises dataset\train/Fly/000009.mp4,Fly
330,D:\Dataset\Exercises dataset\train/Fly/000010.mp4,Fly
331,D:\Dataset\Exercises dataset\train/Fly/000011.mp4,Fly
332,D:\Dataset\Exercises dataset\train/Fly/000012.mp4,Fly
333,D:\Dataset\Exercises dataset\train/Fly/000013.mp4,Fly
334,D:\Dataset\Exercises dataset\train/Fly/000014.mp4,Fly
335,D:\Dataset\Exercises dataset\train/Fly/000015.mp4,Fly
336,D:\Dataset\Exercises dataset\train/Fly/000016.mp4,Fly
337,D:\Dataset\Exercises dataset\train/Fly/000017.mp4,Fly
338,D:\Dataset\Exercises dataset\train/Fly/000018.mp4,Fly
339,D:\Dataset\Exercises dataset\train/Fly/000019.mp4,Fly
340,D:\Dataset\Exercises dataset\train/Fly/000020.mp4,Fly
341,D:\Dataset\Exercises dataset\train/Fly/000021.mp4,Fly
342,D:\Dataset\Exercises dataset\train/Fly/000022.mp4,Fly
343,D:\Dataset\Exercises dataset\train/Fly/000023.mp4,Fly
344,D:\Dataset\Exercises dataset\train/Fly/000024.mp4,Fly
345,D:\Dataset\Exercises dataset\train/Fly/000025.mp4,Fly
346,D:\Dataset\Exercises dataset\train/Fly/000026.mp4,Fly
347,D:\Dataset\Exercises dataset\train/Fly/000027.mp4,Fly
348,D:\Dataset\Exercises dataset\train/Fly/000028.mp4,Fly
349,D:\Dataset\Exercises dataset\train/Fly/000029.mp4,Fly
350,D:\Dataset\Exercises dataset\train/Fly/000030.mp4,Fly
351,D:\Dataset\Exercises dataset\train/Fly/000031.mp4,Fly
352,D:\Dataset\Exercises dataset\train/Fly/000032.mp4,Fly
353,D:\Dataset\Exercises dataset\train/Fly/000033.mp4,Fly
354,D:\Dataset\Exercises dataset\train/Fly/000034.mp4,Fly
355,D:\Dataset\Exercises dataset\train/Fly/000035.mp4,Fly
356,D:\Dataset\Exercises dataset\train/Fly/000036.mp4,Fly
357,D:\Dataset\Exercises dataset\train/Fly/000037.mp4,Fly
358,D:\Dataset\Exercises dataset\train/Fly/000038.mp4,Fly
359,D:\Dataset\Exercises dataset\train/Fly/000039.mp4,Fly
360,D:\Dataset\Exercises dataset\train/Fly/000040.mp4,Fly
361,D:\Dataset\Exercises dataset\train/Fly/000041.mp4,Fly
362,D:\Dataset\Exercises dataset\train/Fly/000042.mp4,Fly
363,D:\Dataset\Exercises dataset\train/Fly/000043.mp4,Fly
364,D:\Dataset\Exercises dataset\train/Fly/000044.mp4,Fly
365,D:\Dataset\Exercises dataset\train/Fly/000045.mp4,Fly
366,D:\Dataset\Exercises dataset\train/Fly/000046.mp4,Fly
367,D:\Dataset\Exercises dataset\train/Fly/000047.mp4,Fly
368,D:\Dataset\Exercises dataset\train/Fly/000048.mp4,Fly
369,D:\Dataset\Exercises dataset\train/Fly/000049.mp4,Fly
370,D:\Dataset\Exercises dataset\train/Fly/000050.mp4,Fly
371,D:\Dataset\Exercises dataset\train/Fly/000051.mp4,Fly
372,D:\Dataset\Exercises dataset\train/Fly/000052.mp4,Fly
373,D:\Dataset\Exercises dataset\train/Fly/000053.mp4,Fly
374,D:\Dataset\Exercises dataset\train/Fly/000054.mp4,Fly
375,D:\Dataset\Exercises dataset\train/Fly/000055.mp4,Fly
376,D:\Dataset\Exercises dataset\train/Fly/000056.mp4,Fly
377,D:\Dataset\Exercises dataset\train/Fly/000057.mp4,Fly
378,D:\Dataset\Exercises dataset\train/Fly/000058.mp4,Fly
379,D:\Dataset\Exercises dataset\train/Fly/000059.mp4,Fly
380,D:\Dataset\Exercises dataset\train/Fly/000060.mp4,Fly
381,D:\Dataset\Exercises dataset\train/Fly/000061.mp4,Fly
382,D:\Dataset\Exercises dataset\train/Fly/000062.mp4,Fly
383,D:\Dataset\Exercises dataset\train/Fly/000063.mp4,Fly
384,D:\Dataset\Exercises dataset\train/Fly/000064.mp4,Fly
385,D:\Dataset\Exercises dataset\train/Fly/000065.mp4,Fly
386,D:\Dataset\Exercises dataset\train/Fly/000066.mp4,Fly
387,D:\Dataset\Exercises dataset\train/Fly/000067.mp4,Fly
388,D:\Dataset\Exercises dataset\train/Fly/000068.mp4,Fly
389,D:\Dataset\Exercises dataset\train/Fly/000069.mp4,Fly
390,D:\Dataset\Exercises dataset\train/Fly/000070.mp4,Fly
391,D:\Dataset\Exercises dataset\train/Fly/000071.mp4,Fly
392,D:\Dataset\Exercises dataset\train/Fly/000072.mp4,Fly
393,D:\Dataset\Exercises dataset\train/Fly/000073.mp4,Fly
394,D:\Dataset\Exercises dataset\train/Fly/000074.mp4,Fly
395,D:\Dataset\Exercises dataset\train/Fly/000075.mp4,Fly
396,D:\Dataset\Exercises dataset\train/Fly/000076.mp4,Fly
397,D:\Dataset\Exercises dataset\train/Fly/000077.mp4,Fly
398,D:\Dataset\Exercises dataset\train/Fly/000078.mp4,Fly
399,D:\Dataset\Exercises dataset\train/Fly/000079.mp4,Fly
400,D:\Dataset\Exercises dataset\train/Leg Raise/000000.mp4,Leg Raise
401,D:\Dataset\Exercises dataset\train/Leg Raise/000001.mp4,Leg Raise
402,D:\Dataset\Exercises dataset\train/Leg Raise/000002.mp4,Leg Raise
403,D:\Dataset\Exercises dataset\train/Leg Raise/000003.mp4,Leg Raise
404,D:\Dataset\Exercises dataset\train/Leg Raise/000004.mp4,Leg Raise
405,D:\Dataset\Exercises dataset\train/Leg Raise/000005.mp4,Leg Raise
406,D:\Dataset\Exercises dataset\train/Leg Raise/000006.mp4,Leg Raise
407,D:\Dataset\Exercises dataset\train/Leg Raise/000007.mp4,Leg Raise
408,D:\Dataset\Exercises dataset\train/Leg Raise/000008.mp4,Leg Raise
409,D:\Dataset\Exercises dataset\train/Leg Raise/000009.mp4,Leg Raise
410,D:\Dataset\Exercises dataset\train/Leg Raise/000010.mp4,Leg Raise
411,D:\Dataset\Exercises dataset\train/Leg Raise/000011.mp4,Leg Raise
412,D:\Dataset\Exercises dataset\train/Leg Raise/000012.mp4,Leg Raise
413,D:\Dataset\Exercises dataset\train/Leg Raise/000013.mp4,Leg Raise
414,D:\Dataset\Exercises dataset\train/Leg Raise/000014.mp4,Leg Raise
415,D:\Dataset\Exercises dataset\train/Leg Raise/000015.mp4,Leg Raise
416,D:\Dataset\Exercises dataset\train/Leg Raise/000016.mp4,Leg Raise
417,D:\Dataset\Exercises dataset\train/Leg Raise/000017.mp4,Leg Raise
418,D:\Dataset\Exercises dataset\train/Leg Raise/000018.mp4,Leg Raise
419,D:\Dataset\Exercises dataset\train/Leg Raise/000019.mp4,Leg Raise
420,D:\Dataset\Exercises dataset\train/Leg Raise/000020.mp4,Leg Raise
421,D:\Dataset\Exercises dataset\train/Leg Raise/000021.mp4,Leg Raise
422,D:\Dataset\Exercises dataset\train/Leg Raise/000022.mp4,Leg Raise
423,D:\Dataset\Exercises dataset\train/Leg Raise/000023.mp4,Leg Raise
424,D:\Dataset\Exercises dataset\train/Leg Raise/000024.mp4,Leg Raise
425,D:\Dataset\Exercises dataset\train/Leg Raise/000025.mp4,Leg Raise
426,D:\Dataset\Exercises dataset\train/Leg Raise/000026.mp4,Leg Raise
427,D:\Dataset\Exercises dataset\train/Leg Raise/000027.mp4,Leg Raise
428,D:\Dataset\Exercises dataset\train/Leg Raise/000028.mp4,Leg Raise
429,D:\Dataset\Exercises dataset\train/Leg Raise/000029.mp4,Leg Raise
430,D:\Dataset\Exercises dataset\train/Leg Raise/000030.mp4,Leg Raise
431,D:\Dataset\Exercises dataset\train/Leg Raise/000031.mp4,Leg Raise
432,D:\Dataset\Exercises dataset\train/Leg Raise/000032.mp4,Leg Raise
433,D:\Dataset\Exercises dataset\train/Leg Raise/000033.mp4,Leg Raise
434,D:\Dataset\Exercises dataset\train/Leg Raise/000034.mp4,Leg Raise
435,D:\Dataset\Exercises dataset\train/Leg Raise/000035.mp4,Leg Raise
436,D:\Dataset\Exercises dataset\train/Leg Raise/000036.mp4,Leg Raise
437,D:\Dataset\Exercises dataset\train/Leg Raise/000037.mp4,Leg Raise
438,D:\Dataset\Exercises dataset\train/Leg Raise/000038.mp4,Leg Raise
439,D:\Dataset\Exercises dataset\train/Leg Raise/000039.mp4,Leg Raise
440,D:\Dataset\Exercises dataset\train/Leg Raise/000040.mp4,Leg Raise
441,D:\Dataset\Exercises dataset\train/Leg Raise/000041.mp4,Leg Raise
442,D:\Dataset\Exercises dataset\train/Leg Raise/000042.mp4,Leg Raise
443,D:\Dataset\Exercises dataset\train/Leg Raise/000043.mp4,Leg Raise
444,D:\Dataset\Exercises dataset\train/Leg Raise/000044.mp4,Leg Raise
445,D:\Dataset\Exercises dataset\train/Leg Raise/000045.mp4,Leg Raise
446,D:\Dataset\Exercises dataset\train/Leg Raise/000046.mp4,Leg Raise
447,D:\Dataset\Exercises dataset\train/Leg Raise/000047.mp4,Leg Raise
448,D:\Dataset\Exercises dataset\train/Leg Raise/000048.mp4,Leg Raise
449,D:\Dataset\Exercises dataset\train/Leg Raise/000049.mp4,Leg Raise
450,D:\Dataset\Exercises dataset\train/Leg Raise/000050.mp4,Leg Raise
451,D:\Dataset\Exercises dataset\train/Leg Raise/000051.mp4,Leg Raise
452,D:\Dataset\Exercises dataset\train/Leg Raise/000052.mp4,Leg Raise
453,D:\Dataset\Exercises dataset\train/Leg Raise/000053.mp4,Leg Raise
454,D:\Dataset\Exercises dataset\train/Leg Raise/000054.mp4,Leg Raise
455,D:\Dataset\Exercises dataset\train/Leg Raise/000055.mp4,Leg Raise
456,D:\Dataset\Exercises dataset\train/Leg Raise/000056.mp4,Leg Raise
457,D:\Dataset\Exercises dataset\train/Leg Raise/000057.mp4,Leg Raise
458,D:\Dataset\Exercises dataset\train/Leg Raise/000058.mp4,Leg Raise
459,D:\Dataset\Exercises dataset\train/Leg Raise/000059.mp4,Leg Raise
460,D:\Dataset\Exercises dataset\train/Leg Raise/000060.mp4,Leg Raise
461,D:\Dataset\Exercises dataset\train/Leg Raise/000061.mp4,Leg Raise
462,D:\Dataset\Exercises dataset\train/Leg Raise/000062.mp4,Leg Raise
463,D:\Dataset\Exercises dataset\train/Leg Raise/000063.mp4,Leg Raise
464,D:\Dataset\Exercises dataset\train/Leg Raise/000064.mp4,Leg Raise
465,D:\Dataset\Exercises dataset\train/Leg Raise/000065.mp4,Leg Raise
466,D:\Dataset\Exercises dataset\train/Leg Raise/000066.mp4,Leg Raise
467,D:\Dataset\Exercises dataset\train/Leg Raise/000067.mp4,Leg Raise
468,D:\Dataset\Exercises dataset\train/Leg Raise/000068.mp4,Leg Raise
469,D:\Dataset\Exercises dataset\train/Leg Raise/000069.mp4,Leg Raise
470,D:\Dataset\Exercises dataset\train/Leg Raise/000070.mp4,Leg Raise
471,D:\Dataset\Exercises dataset\train/Leg Raise/000071.mp4,Leg Raise
472,D:\Dataset\Exercises dataset\train/Leg Raise/000072.mp4,Leg Raise
473,D:\Dataset\Exercises dataset\train/Leg Raise/000073.mp4,Leg Raise
474,D:\Dataset\Exercises dataset\train/Leg Raise/000074.mp4,Leg Raise
475,D:\Dataset\Exercises dataset\train/Leg Raise/000075.mp4,Leg Raise
476,D:\Dataset\Exercises dataset\train/Leg Raise/000076.mp4,Leg Raise
477,D:\Dataset\Exercises dataset\train/Leg Raise/000077.mp4,Leg Raise
478,D:\Dataset\Exercises dataset\train/Leg Raise/000078.mp4,Leg Raise
479,D:\Dataset\Exercises dataset\train/Leg Raise/000079.mp4,Leg Raise
480,D:\Dataset\Exercises dataset\train/Overhead Press/000000.mp4,Overhead Press
481,D:\Dataset\Exercises dataset\train/Overhead Press/000001.mp4,Overhead Press
482,D:\Dataset\Exercises dataset\train/Overhead Press/000002.mp4,Overhead Press
483,D:\Dataset\Exercises dataset\train/Overhead Press/000003.mp4,Overhead Press
484,D:\Dataset\Exercises dataset\train/Overhead Press/000004.mp4,Overhead Press
485,D:\Dataset\Exercises dataset\train/Overhead Press/000005.mp4,Overhead Press
486,D:\Dataset\Exercises dataset\train/Overhead Press/000006.mp4,Overhead Press
487,D:\Dataset\Exercises dataset\train/Overhead Press/000007.mp4,Overhead Press
488,D:\Dataset\Exercises dataset\train/Overhead Press/000008.mp4,Overhead Press
489,D:\Dataset\Exercises dataset\train/Overhead Press/000009.mp4,Overhead Press
490,D:\Dataset\Exercises dataset\train/Overhead Press/000010.mp4,Overhead Press
491,D:\Dataset\Exercises dataset\train/Overhead Press/000011.mp4,Overhead Press
492,D:\Dataset\Exercises dataset\train/Overhead Press/000012.mp4,Overhead Press
493,D:\Dataset\Exercises dataset\train/Overhead Press/000013.mp4,Overhead Press
494,D:\Dataset\Exercises dataset\train/Overhead Press/000014.mp4,Overhead Press
495,D:\Dataset\Exercises dataset\train/Overhead Press/000015.mp4,Overhead Press
496,D:\Dataset\Exercises dataset\train/Overhead Press/000016.mp4,Overhead Press
497,D:\Dataset\Exercises dataset\train/Overhead Press/000017.mp4,Overhead Press
498,D:\Dataset\Exercises dataset\train/Overhead Press/000018.mp4,Overhead Press
499,D:\Dataset\Exercises dataset\train/Overhead Press/000019.mp4,Overhead Press
500,D:\Dataset\Exercises dataset\train/Overhead Press/000020.mp4,Overhead Press
501,D:\Dataset\Exercises dataset\train/Overhead Press/000021.mp4,Overhead Press
502,D:\Dataset\Exercises dataset\train/Overhead Press/000022.mp4,Overhead Press
503,D:\Dataset\Exercises dataset\train/Overhead Press/000023.mp4,Overhead Press
504,D:\Dataset\Exercises dataset\train/Overhead Press/000024.mp4,Overhead Press
505,D:\Dataset\Exercises dataset\train/Overhead Press/000025.mp4,Overhead Press
506,D:\Dataset\Exercises dataset\train/Overhead Press/000026.mp4,Overhead Press
507,D:\Dataset\Exercises dataset\train/Overhead Press/000027.mp4,Overhead Press
508,D:\Dataset\Exercises dataset\train/Overhead Press/000028.mp4,Overhead Press
509,D:\Dataset\Exercises dataset\train/Overhead Press/000029.mp4,Overhead Press
510,D:\Dataset\Exercises dataset\train/Overhead Press/000030.mp4,Overhead Press
511,D:\Dataset\Exercises dataset\train/Overhead Press/000031.mp4,Overhead Press
512,D:\Dataset\Exercises dataset\train/Overhead Press/000032.mp4,Overhead Press
513,D:\Dataset\Exercises dataset\train/Overhead Press/000033.mp4,Overhead Press
514,D:\Dataset\Exercises dataset\train/Overhead Press/000034.mp4,Overhead Press
515,D:\Dataset\Exercises dataset\train/Overhead Press/000035.mp4,Overhead Press
516,D:\Dataset\Exercises dataset\train/Overhead Press/000036.mp4,Overhead Press
517,D:\Dataset\Exercises dataset\train/Overhead Press/000037.mp4,Overhead Press
518,D:\Dataset\Exercises dataset\train/Overhead Press/000038.mp4,Overhead Press
519,D:\Dataset\Exercises dataset\train/Overhead Press/000039.mp4,Overhead Press
520,D:\Dataset\Exercises dataset\train/Overhead Press/000040.mp4,Overhead Press
521,D:\Dataset\Exercises dataset\train/Overhead Press/000041.mp4,Overhead Press
522,D:\Dataset\Exercises dataset\train/Overhead Press/000042.mp4,Overhead Press
523,D:\Dataset\Exercises dataset\train/Overhead Press/000043.mp4,Overhead Press
524,D:\Dataset\Exercises dataset\train/Overhead Press/000044.mp4,Overhead Press
525,D:\Dataset\Exercises dataset\train/Overhead Press/000045.mp4,Overhead Press
526,D:\Dataset\Exercises dataset\train/Overhead Press/000046.mp4,Overhead Press
527,D:\Dataset\Exercises dataset\train/Overhead Press/000047.mp4,Overhead Press
528,D:\Dataset\Exercises dataset\train/Overhead Press/000048.mp4,Overhead Press
529,D:\Dataset\Exercises dataset\train/Overhead Press/000049.mp4,Overhead Press
530,D:\Dataset\Exercises dataset\train/Overhead Press/000050.mp4,Overhead Press
531,D:\Dataset\Exercises dataset\train/Overhead Press/000051.mp4,Overhead Press
532,D:\Dataset\Exercises dataset\train/Overhead Press/000052.mp4,Overhead Press
533,D:\Dataset\Exercises dataset\train/Overhead Press/000053.mp4,Overhead Press
534,D:\Dataset\Exercises dataset\train/Overhead Press/000054.mp4,Overhead Press
535,D:\Dataset\Exercises dataset\train/Overhead Press/000055.mp4,Overhead Press
536,D:\Dataset\Exercises dataset\train/Overhead Press/000056.mp4,Overhead Press
537,D:\Dataset\Exercises dataset\train/Overhead Press/000057.mp4,Overhead Press
538,D:\Dataset\Exercises dataset\train/Overhead Press/000058.mp4,Overhead Press
539,D:\Dataset\Exercises dataset\train/Overhead Press/000059.mp4,Overhead Press
540,D:\Dataset\Exercises dataset\train/Overhead Press/000060.mp4,Overhead Press
541,D:\Dataset\Exercises dataset\train/Overhead Press/000061.mp4,Overhead Press
542,D:\Dataset\Exercises dataset\train/Overhead Press/000062.mp4,Overhead Press
543,D:\Dataset\Exercises dataset\train/Overhead Press/000063.mp4,Overhead Press
544,D:\Dataset\Exercises dataset\train/Overhead Press/000064.mp4,Overhead Press
545,D:\Dataset\Exercises dataset\train/Overhead Press/000065.mp4,Overhead Press
546,D:\Dataset\Exercises dataset\train/Overhead Press/000066.mp4,Overhead Press
547,D:\Dataset\Exercises dataset\train/Overhead Press/000067.mp4,Overhead Press
548,D:\Dataset\Exercises dataset\train/Overhead Press/000068.mp4,Overhead Press
549,D:\Dataset\Exercises dataset\train/Overhead Press/000069.mp4,Overhead Press
550,D:\Dataset\Exercises dataset\train/Overhead Press/000070.mp4,Overhead Press
551,D:\Dataset\Exercises dataset\train/Overhead Press/000071.mp4,Overhead Press
552,D:\Dataset\Exercises dataset\train/Overhead Press/000072.mp4,Overhead Press
553,D:\Dataset\Exercises dataset\train/Overhead Press/000073.mp4,Overhead Press
554,D:\Dataset\Exercises dataset\train/Overhead Press/000074.mp4,Overhead Press
555,D:\Dataset\Exercises dataset\train/Overhead Press/000075.mp4,Overhead Press
556,D:\Dataset\Exercises dataset\train/Overhead Press/000076.mp4,Overhead Press
557,D:\Dataset\Exercises dataset\train/Overhead Press/000077.mp4,Overhead Press
558,D:\Dataset\Exercises dataset\train/Overhead Press/000078.mp4,Overhead Press
559,D:\Dataset\Exercises dataset\train/Overhead Press/000079.mp4,Overhead Press
560,D:\Dataset\Exercises dataset\train/Push Up/000000.mp4,Push Up
561,D:\Dataset\Exercises dataset\train/Push Up/000001.mp4,Push Up
562,D:\Dataset\Exercises dataset\train/Push Up/000002.mp4,Push Up
563,D:\Dataset\Exercises dataset\train/Push Up/000003.mp4,Push Up
564,D:\Dataset\Exercises dataset\train/Push Up/000004.mp4,Push Up
565,D:\Dataset\Exercises dataset\train/Push Up/000005.mp4,Push Up
566,D:\Dataset\Exercises dataset\train/Push Up/000006.mp4,Push Up
567,D:\Dataset\Exercises dataset\train/Push Up/000007.mp4,Push Up
568,D:\Dataset\Exercises dataset\train/Push Up/000008.mp4,Push Up
569,D:\Dataset\Exercises dataset\train/Push Up/000009.mp4,Push Up
570,D:\Dataset\Exercises dataset\train/Push Up/000010.mp4,Push Up
571,D:\Dataset\Exercises dataset\train/Push Up/000011.mp4,Push Up
572,D:\Dataset\Exercises dataset\train/Push Up/000012.mp4,Push Up
573,D:\Dataset\Exercises dataset\train/Push Up/000013.mp4,Push Up
574,D:\Dataset\Exercises dataset\train/Push Up/000014.mp4,Push Up
575,D:\Dataset\Exercises dataset\train/Push Up/000015.mp4,Push Up
576,D:\Dataset\Exercises dataset\train/Push Up/000016.mp4,Push Up
577,D:\Dataset\Exercises dataset\train/Push Up/000017.mp4,Push Up
578,D:\Dataset\Exercises dataset\train/Push Up/000018.mp4,Push Up
579,D:\Dataset\Exercises dataset\train/Push Up/000019.mp4,Push Up
580,D:\Dataset\Exercises dataset\train/Push Up/000020.mp4,Push Up
581,D:\Dataset\Exercises dataset\train/Push Up/000021.mp4,Push Up
582,D:\Dataset\Exercises dataset\train/Push Up/000022.mp4,Push Up
583,D:\Dataset\Exercises dataset\train/Push Up/000023.mp4,Push Up
584,D:\Dataset\Exercises dataset\train/Push Up/000024.mp4,Push Up
585,D:\Dataset\Exercises dataset\train/Push Up/000025.mp4,Push Up
586,D:\Dataset\Exercises dataset\train/Push Up/000026.mp4,Push Up
587,D:\Dataset\Exercises dataset\train/Push Up/000027.mp4,Push Up
588,D:\Dataset\Exercises dataset\train/Push Up/000028.mp4,Push Up
589,D:\Dataset\Exercises dataset\train/Push Up/000029.mp4,Push Up
590,D:\Dataset\Exercises dataset\train/Push Up/000030.mp4,Push Up
591,D:\Dataset\Exercises dataset\train/Push Up/000031.mp4,Push Up
592,D:\Dataset\Exercises dataset\train/Push Up/000032.mp4,Push Up
593,D:\Dataset\Exercises dataset\train/Push Up/000033.mp4,Push Up
594,D:\Dataset\Exercises dataset\train/Push Up/000034.mp4,Push Up
595,D:\Dataset\Exercises dataset\train/Push Up/000035.mp4,Push Up
596,D:\Dataset\Exercises dataset\train/Push Up/000036.mp4,Push Up
597,D:\Dataset\Exercises dataset\train/Push Up/000037.mp4,Push Up
598,D:\Dataset\Exercises dataset\train/Push Up/000038.mp4,Push Up
599,D:\Dataset\Exercises dataset\train/Push Up/000039.mp4,Push Up
600,D:\Dataset\Exercises dataset\train/Push Up/000040.mp4,Push Up
601,D:\Dataset\Exercises dataset\train/Push Up/000041.mp4,Push Up
602,D:\Dataset\Exercises dataset\train/Push Up/000042.mp4,Push Up
603,D:\Dataset\Exercises dataset\train/Push Up/000043.mp4,Push Up
604,D:\Dataset\Exercises dataset\train/Push Up/000044.mp4,Push Up
605,D:\Dataset\Exercises dataset\train/Push Up/000045.mp4,Push Up
606,D:\Dataset\Exercises dataset\train/Push Up/000046.mp4,Push Up
607,D:\Dataset\Exercises dataset\train/Push Up/000047.mp4,Push Up
608,D:\Dataset\Exercises dataset\train/Push Up/000048.mp4,Push Up
609,D:\Dataset\Exercises dataset\train/Push Up/000049.mp4,Push Up
610,D:\Dataset\Exercises dataset\train/Push Up/000050.mp4,Push Up
611,D:\Dataset\Exercises dataset\train/Push Up/000051.mp4,Push Up
612,D:\Dataset\Exercises dataset\train/Push Up/000052.mp4,Push Up
613,D:\Dataset\Exercises dataset\train/Push Up/000053.mp4,Push Up
614,D:\Dataset\Exercises dataset\train/Push Up/000054.mp4,Push Up
615,D:\Dataset\Exercises dataset\train/Push Up/000055.mp4,Push Up
616,D:\Dataset\Exercises dataset\train/Push Up/000056.mp4,Push Up
617,D:\Dataset\Exercises dataset\train/Push Up/000057.mp4,Push Up
618,D:\Dataset\Exercises dataset\train/Push Up/000058.mp4,Push Up
619,D:\Dataset\Exercises dataset\train/Push Up/000059.mp4,Push Up
620,D:\Dataset\Exercises dataset\train/Push Up/000060.mp4,Push Up
621,D:\Dataset\Exercises dataset\train/Push Up/000061.mp4,Push Up
622,D:\Dataset\Exercises dataset\train/Push Up/000062.mp4,Push Up
623,D:\Dataset\Exercises dataset\train/Push Up/000063.mp4,Push Up
624,D:\Dataset\Exercises dataset\train/Push Up/000064.mp4,Push Up
625,D:\Dataset\Exercises dataset\train/Push Up/000065.mp4,Push Up
626,D:\Dataset\Exercises dataset\train/Push Up/000066.mp4,Push Up
627,D:\Dataset\Exercises dataset\train/Push Up/000067.mp4,Push Up
628,D:\Dataset\Exercises dataset\train/Push Up/000068.mp4,Push Up
629,D:\Dataset\Exercises dataset\train/Push Up/000069.mp4,Push Up
630,D:\Dataset\Exercises dataset\train/Push Up/000070.mp4,Push Up
631,D:\Dataset\Exercises dataset\train/Push Up/000071.mp4,Push Up
632,D:\Dataset\Exercises dataset\train/Push Up/000072.mp4,Push Up
633,D:\Dataset\Exercises dataset\train/Push Up/000073.mp4,Push Up
634,D:\Dataset\Exercises dataset\train/Push Up/000074.mp4,Push Up
635,D:\Dataset\Exercises dataset\train/Push Up/000075.mp4,Push Up
636,D:\Dataset\Exercises dataset\train/Push Up/000076.mp4,Push Up
637,D:\Dataset\Exercises dataset\train/Push Up/000077.mp4,Push Up
638,D:\Dataset\Exercises dataset\train/Push Up/000078.mp4,Push Up
639,D:\Dataset\Exercises dataset\train/Push Up/000079.mp4,Push Up
640,D:\Dataset\Exercises dataset\train/Squat/000000.mp4,Squat
641,D:\Dataset\Exercises dataset\train/Squat/000001.mp4,Squat
642,D:\Dataset\Exercises dataset\train/Squat/000002.mp4,Squat
643,D:\Dataset\Exercises dataset\train/Squat/000003.mp4,Squat
644,D:\Dataset\Exercises dataset\train/Squat/000004.mp4,Squat
645,D:\Dataset\Exercises dataset\train/Squat/000005.mp4,Squat
646,D:\Dataset\Exercises dataset\train/Squat/000006.mp4,Squat
647,D:\Dataset\Exercises dataset\train/Squat/000007.mp4,Squat
648,D:\Dataset\Exercises dataset\train/Squat/000008.mp4,Squat
649,D:\Dataset\Exercises dataset\train/Squat/000009.mp4,Squat
650,D:\Dataset\Exercises dataset\train/Squat/000010.mp4,Squat
651,D:\Dataset\Exercises dataset\train/Squat/000011.mp4,Squat
652,D:\Dataset\Exercises dataset\train/Squat/000012.mp4,Squat
653,D:\Dataset\Exercises dataset\train/Squat/000013.mp4,Squat
654,D:\Dataset\Exercises dataset\train/Squat/000014.mp4,Squat
655,D:\Dataset\Exercises dataset\train/Squat/000015.mp4,Squat
656,D:\Dataset\Exercises dataset\train/Squat/000016.mp4,Squat
657,D:\Dataset\Exercises dataset\train/Squat/000017.mp4,Squat
658,D:\Dataset\Exercises dataset\train/Squat/000018.mp4,Squat
659,D:\Dataset\Exercises dataset\train/Squat/000019.mp4,Squat
660,D:\Dataset\Exercises dataset\train/Squat/000020.mp4,Squat
661,D:\Dataset\Exercises dataset\train/Squat/000021.mp4,Squat
662,D:\Dataset\Exercises dataset\train/Squat/000022.mp4,Squat
663,D:\Dataset\Exercises dataset\train/Squat/000023.mp4,Squat
664,D:\Dataset\Exercises dataset\train/Squat/000024.mp4,Squat
665,D:\Dataset\Exercises dataset\train/Squat/000025.mp4,Squat
666,D:\Dataset\Exercises dataset\train/Squat/000026.mp4,Squat
667,D:\Dataset\Exercises dataset\train/Squat/000027.mp4,Squat
668,D:\Dataset\Exercises dataset\train/Squat/000028.mp4,Squat
669,D:\Dataset\Exercises dataset\train/Squat/000029.mp4,Squat
670,D:\Dataset\Exercises dataset\train/Squat/000030.mp4,Squat
671,D:\Dataset\Exercises dataset\train/Squat/000031.mp4,Squat
672,D:\Dataset\Exercises dataset\train/Squat/000032.mp4,Squat
673,D:\Dataset\Exercises dataset\train/Squat/000033.mp4,Squat
674,D:\Dataset\Exercises dataset\train/Squat/000034.mp4,Squat
675,D:\Dataset\Exercises dataset\train/Squat/000035.mp4,Squat
676,D:\Dataset\Exercises dataset\train/Squat/000036.mp4,Squat
677,D:\Dataset\Exercises dataset\train/Squat/000037.mp4,Squat
678,D:\Dataset\Exercises dataset\train/Squat/000038.mp4,Squat
679,D:\Dataset\Exercises dataset\train/Squat/000039.mp4,Squat
680,D:\Dataset\Exercises dataset\train/Squat/000040.mp4,Squat
681,D:\Dataset\Exercises dataset\train/Squat/000041.mp4,Squat
682,D:\Dataset\Exercises dataset\train/Squat/000042.mp4,Squat
683,D:\Dataset\Exercises dataset\train/Squat/000043.mp4,Squat
684,D:\Dataset\Exercises dataset\train/Squat/000044.mp4,Squat
685,D:\Dataset\Exercises dataset\train/Squat/000045.mp4,Squat
686,D:\Dataset\Exercises dataset\train/Squat/000046.mp4,Squat
687,D:\Dataset\Exercises dataset\train/Squat/000047.mp4,Squat
688,D:\Dataset\Exercises dataset\train/Squat/000048.mp4,Squat
689,D:\Dataset\Exercises dataset\train/Squat/000049.mp4,Squat
690,D:\Dataset\Exercises dataset\train/Squat/000050.mp4,Squat
691,D:\Dataset\Exercises dataset\train/Squat/000051.mp4,Squat
692,D:\Dataset\Exercises dataset\train/Squat/000052.mp4,Squat
693,D:\Dataset\Exercises dataset\train/Squat/000053.mp4,Squat
694,D:\Dataset\Exercises dataset\train/Squat/000054.mp4,Squat
695,D:\Dataset\Exercises dataset\train/Squat/000055.mp4,Squat
696,D:\Dataset\Exercises dataset\train/Squat/000056.mp4,Squat
697,D:\Dataset\Exercises dataset\train/Squat/000057.mp4,Squat
698,D:\Dataset\Exercises dataset\train/Squat/000058.mp4,Squat
699,D:\Dataset\Exercises dataset\train/Squat/000059.mp4,Squat
700,D:\Dataset\Exercises dataset\train/Squat/000060.mp4,Squat
701,D:\Dataset\Exercises dataset\train/Squat/000061.mp4,Squat
702,D:\Dataset\Exercises dataset\train/Squat/000062.mp4,Squat
703,D:\Dataset\Exercises dataset\train/Squat/000063.mp4,Squat
704,D:\Dataset\Exercises dataset\train/Squat/000064.mp4,Squat
705,D:\Dataset\Exercises dataset\train/Squat/000065.mp4,Squat
706,D:\Dataset\Exercises dataset\train/Squat/000066.mp4,Squat
707,D:\Dataset\Exercises dataset\train/Squat/000067.mp4,Squat
708,D:\Dataset\Exercises dataset\train/Squat/000068.mp4,Squat
709,D:\Dataset\Exercises dataset\train/Squat/000069.mp4,Squat
710,D:\Dataset\Exercises dataset\train/Squat/000070.mp4,Squat
711,D:\Dataset\Exercises dataset\train/Squat/000071.mp4,Squat
712,D:\Dataset\Exercises dataset\train/Squat/000072.mp4,Squat
713,D:\Dataset\Exercises dataset\train/Squat/000073.mp4,Squat
714,D:\Dataset\Exercises dataset\train/Squat/000074.mp4,Squat
715,D:\Dataset\Exercises dataset\train/Squat/000075.mp4,Squat
716,D:\Dataset\Exercises dataset\train/Squat/000076.mp4,Squat
717,D:\Dataset\Exercises dataset\train/Squat/000077.mp4,Squat
718,D:\Dataset\Exercises dataset\train/Squat/000078.mp4,Squat
719,D:\Dataset\Exercises dataset\train/Squat/000079.mp4,Squat
720,D:\Dataset\Exercises dataset\train/Superman/000000.mp4,Superman
721,D:\Dataset\Exercises dataset\train/Superman/000001.mp4,Superman
722,D:\Dataset\Exercises dataset\train/Superman/000002.mp4,Superman
723,D:\Dataset\Exercises dataset\train/Superman/000003.mp4,Superman
724,D:\Dataset\Exercises dataset\train/Superman/000004.mp4,Superman
725,D:\Dataset\Exercises dataset\train/Superman/000005.mp4,Superman
726,D:\Dataset\Exercises dataset\train/Superman/000006.mp4,Superman
727,D:\Dataset\Exercises dataset\train/Superman/000007.mp4,Superman
728,D:\Dataset\Exercises dataset\train/Superman/000008.mp4,Superman
729,D:\Dataset\Exercises dataset\train/Superman/000009.mp4,Superman
730,D:\Dataset\Exercises dataset\train/Superman/000010.mp4,Superman
731,D:\Dataset\Exercises dataset\train/Superman/000011.mp4,Superman
732,D:\Dataset\Exercises dataset\train/Superman/000012.mp4,Superman
733,D:\Dataset\Exercises dataset\train/Superman/000013.mp4,Superman
734,D:\Dataset\Exercises dataset\train/Superman/000014.mp4,Superman
735,D:\Dataset\Exercises dataset\train/Superman/000015.mp4,Superman
736,D:\Dataset\Exercises dataset\train/Superman/000016.mp4,Superman
737,D:\Dataset\Exercises dataset\train/Superman/000017.mp4,Superman
738,D:\Dataset\Exercises dataset\train/Superman/000018.mp4,Superman
739,D:\Dataset\Exercises dataset\train/Superman/000019.mp4,Superman
740,D:\Dataset\Exercises dataset\train/Superman/000020.mp4,Superman
741,D:\Dataset\Exercises dataset\train/Superman/000021.mp4,Superman
742,D:\Dataset\Exercises dataset\train/Superman/000022.mp4,Superman
743,D:\Dataset\Exercises dataset\train/Superman/000023.mp4,Superman
744,D:\Dataset\Exercises dataset\train/Superman/000024.mp4,Superman
745,D:\Dataset\Exercises dataset\train/Superman/000025.mp4,Superman
746,D:\Dataset\Exercises dataset\train/Superman/000026.mp4,Superman
747,D:\Dataset\Exercises dataset\train/Superman/000027.mp4,Superman
748,D:\Dataset\Exercises dataset\train/Superman/000028.mp4,Superman
749,D:\Dataset\Exercises dataset\train/Superman/000029.mp4,Superman
750,D:\Dataset\Exercises dataset\train/Superman/000030.mp4,Superman
751,D:\Dataset\Exercises dataset\train/Superman/000031.mp4,Superman
752,D:\Dataset\Exercises dataset\train/Superman/000032.mp4,Superman
753,D:\Dataset\Exercises dataset\train/Superman/000033.mp4,Superman
754,D:\Dataset\Exercises dataset\train/Superman/000034.mp4,Superman
755,D:\Dataset\Exercises dataset\train/Superman/000035.mp4,Superman
756,D:\Dataset\Exercises dataset\train/Superman/000036.mp4,Superman
757,D:\Dataset\Exercises dataset\train/Superman/000037.mp4,Superman
758,D:\Dataset\Exercises dataset\train/Superman/000038.mp4,Superman
759,D:\Dataset\Exercises dataset\train/Superman/000039.mp4,Superman
760,D:\Dataset\Exercises dataset\train/Superman/000040.mp4,Superman
761,D:\Dataset\Exercises dataset\train/Superman/000041.mp4,Superman
762,D:\Dataset\Exercises dataset\train/Superman/000042.mp4,Superman
763,D:\Dataset\Exercises dataset\train/Superman/000043.mp4,Superman
764,D:\Dataset\Exercises dataset\train/Superman/000044.mp4,Superman
765,D:\Dataset\Exercises dataset\train/Superman/000045.mp4,Superman
766,D:\Dataset\Exercises dataset\train/Superman/000046.mp4,Superman
767,D:\Dataset\Exercises dataset\train/Superman/000047.mp4,Superman
768,D:\Dataset\Exercises dataset\train/Superman/000048.mp4,Superman
769,D:\Dataset\Exercises dataset\train/Superman/000049.mp4,Superman
770,D:\Dataset\Exercises dataset\train/Superman/000050.mp4,Superman
771,D:\Dataset\Exercises dataset\train/Superman/000051.mp4,Superman
772,D:\Dataset\Exercises dataset\train/Superman/000052.mp4,Superman
773,D:\Dataset\Exercises dataset\train/Superman/000053.mp4,Superman
774,D:\Dataset\Exercises dataset\train/Superman/000054.mp4,Superman
775,D:\Dataset\Exercises dataset\train/Superman/000055.mp4,Superman
776,D:\Dataset\Exercises dataset\train/Superman/000056.mp4,Superman
777,D:\Dataset\Exercises dataset\train/Superman/000057.mp4,Superman
778,D:\Dataset\Exercises dataset\train/Superman/000058.mp4,Superman
779,D:\Dataset\Exercises dataset\train/Superman/000059.mp4,Superman
780,D:\Dataset\Exercises dataset\train/Superman/000060.mp4,Superman
781,D:\Dataset\Exercises dataset\train/Superman/000061.mp4,Superman
782,D:\Dataset\Exercises dataset\train/Superman/000062.mp4,Superman
783,D:\Dataset\Exercises dataset\train/Superman/000063.mp4,Superman
784,D:\Dataset\Exercises dataset\train/Superman/000064.mp4,Superman
785,D:\Dataset\Exercises dataset\train/Superman/000065.mp4,Superman
786,D:\Dataset\Exercises dataset\train/Superman/000066.mp4,Superman
787,D:\Dataset\Exercises dataset\train/Superman/000067.mp4,Superman
788,D:\Dataset\Exercises dataset\train/Superman/000068.mp4,Superman
789,D:\Dataset\Exercises dataset\train/Superman/000069.mp4,Superman
790,D:\Dataset\Exercises dataset\train/Superman/000070.mp4,Superman
791,D:\Dataset\Exercises dataset\train/Superman/000071.mp4,Superman
792,D:\Dataset\Exercises dataset\train/Superman/000072.mp4,Superman
793,D:\Dataset\Exercises dataset\train/Superman/000073.mp4,Superman
794,D:\Dataset\Exercises dataset\train/Superman/000074.mp4,Superman
795,D:\Dataset\Exercises dataset\train/Superman/000075.mp4,Superman
796,D:\Dataset\Exercises dataset\train/Superman/000076.mp4,Superman
797,D:\Dataset\Exercises dataset\train/Superman/000077.mp4,Superman
798,D:\Dataset\Exercises dataset\train/Superman/000078.mp4,Superman
799,D:\Dataset\Exercises dataset\train/Superman/000079.mp4,Superman
